{
  "source_tif": "city101_node3_morges_swissalti3d_2021_2527-1151_2_2056_5728.tif",
  "site": "node3_morges",
  "crs": "EPSG:2056",
  "resolution_m": 2.0,
  "bounds_lv95": {
    "min_E": 2527000.0,
    "max_E": 2528000.0,
    "min_N": 1151000.0,
    "max_N": 1152000.0
  },
  "elevation_range": {
    "min_m": 365.2613220214844,
    "max_m": 412.9664001464844
  },
  "grid_shape": [
    500,
    500
  ],
  "valid_points": 250000,
  "xyz_file": "city101_node3_morges_swissalti3d_2021_2527-1151_2_2056_5728_xyz.csv"
}